system,scaling_mode,method,atoms_per_system,batch_size,total_atoms,time_seconds,time_us_per_atom,throughput_atoms_per_sec,throughput_matoms_per_sec,mem_delta_mb,mem_peak_gb,mem_per_atom_kb,mem_gpu_percent,cutoff,time_nl_seconds,time_d3_seconds,time_nl_us_per_atom,time_d3_us_per_atom
nh3,system_size,dftd3,128,1,128,0.027067335891723634,211.46356165409088,4728.9471158902825,0.0047289471158902825,9.68310546875,0.011144638061523438,77.46484375,0.011735080801946058,15.0,0.005171059036254882,0.02189627685546875,40.398898720741265,171.0646629333496
nh3,system_size,dftd3,128,1,128,0.10787313995361329,842.7589058876039,1186.578976518543,0.0011865789765185429,46.40185546875,0.04700279235839844,371.21484375,0.049492999521197456,25.0,0.009558296203613282,0.09831484375,74.67418909072876,768.084716796875
nh3,system_size,dftd3,256,1,256,0.03044368362426758,118.92063915729524,8408.969267961209,0.00840896926796121,20.00634765625,0.021230697631835938,80.025390625,0.022355499641701453,15.0,0.007028534698486329,0.02341514892578125,27.455213665962223,91.46542549133301
nh3,system_size,dftd3,256,1,256,0.11814670257568359,461.51055693626404,2166.797671191957,0.002166797671191957,89.58447265625,0.08917808532714844,358.337890625,0.0939027388148191,25.0,0.010122361755371094,0.1080243408203125,39.540475606918335,421.9700813293457
nh3,system_size,dftd3,512,1,512,0.029717839431762698,58.04265514016152,17228.708741617662,0.017228708741617662,38.73095703125,0.03952598571777344,77.4619140625,0.041620071788247164,15.0,0.005887030410766601,0.023830809020996095,11.498106271028517,46.544548869132996
nh3,system_size,dftd3,512,1,512,0.12377798767089844,241.7538821697235,4136.438228106505,0.004136438228106505,179.57470703125,0.17706871032714844,359.1494140625,0.18644980767562253,25.0,0.013736581420898439,0.11004140625,26.829260587692264,214.92462158203125
nh3,system_size,dftd3,1024,1,1024,0.032303421783447264,31.54631033539772,31699.42821737579,0.03169942821737579,80.02392578125,0.07987022399902344,80.02392578125,0.08410174714726874,15.0,0.007976294708251954,0.024327127075195312,7.789350301027299,23.756960034370422
nh3,system_size,dftd3,1024,1,1024,0.1426043273925781,139.26203846931458,7180.707757773796,0.0071807077577737966,360.02392578125,0.35330772399902344,360.02392578125,0.3720259613808794,25.0,0.021114849853515624,0.1214894775390625,20.619970560073853,118.64206790924072
nh3,system_size,dftd3,2048,1,2048,0.03730711135864258,18.216362968087196,54895.70018734671,0.054895700187346706,154.92236328125,0.15305137634277344,77.461181640625,0.16116003573345158,15.0,0.012000875091552735,0.025306236267089843,5.859802290797234,12.356560677289963
nh3,system_size,dftd3,2048,1,2048,0.1464427474975586,71.50524780154228,13984.987546304696,0.013984987546304695,718.42236328125,0.7033443450927734,359.211181640625,0.740607516878593,25.0,0.016988279724121095,0.1294544677734375,8.295058459043503,63.21018934249878
nh3,system_size,dftd3,4096,1,4096,0.03549530258178711,8.665845356881618,115395.55101867723,0.11539555101867723,309.84423828125,0.30441856384277344,77.4610595703125,0.3205466543270575,15.0,0.007917998504638672,0.02757730407714844,1.9331051036715508,6.732740253210069
nh3,system_size,dftd3,4096,1,4096,0.15672373962402344,38.26263174414635,26135.1599306283,0.026135159930628298,1433.34423828125,1.4015865325927734,358.3360595703125,1.4758425639394201,25.0,0.026012191772460936,0.1307115478515625,6.350632756948471,31.911998987197876
nh3,system_size,dftd3,8192,1,8192,0.04086451873779297,4.988344572484493,200467.3064318691,0.2004673064318691,620.68798828125,0.6081295013427734,77.58599853515625,0.6403481922793893,15.0,0.011186695861816406,0.02967782287597656,1.3655634596943855,3.6227811127901077
nh3,system_size,dftd3,8192,1,8192,0.17861553955078124,21.803654730319977,45863.870638595676,0.04586387063859568,2867.18798828125,2.8019771575927734,358.39849853515625,2.9504258611215546,25.0,0.046209765624999996,0.13240577392578126,5.640840530395507,16.16281419992447
nh3,system_size,dftd3,16384,1,16384,0.040172265624999995,2.4519205093383785,407843.56433718075,0.4078435643371808,1242.37548828125,1.2155513763427734,77.64846801757812,1.279951268184053,15.0,0.0097952880859375,0.0303769775390625,0.5978569388389587,1.8540635704994202
nh3,system_size,dftd3,16384,1,16384,0.1604559234619141,9.793452359735968,102109.03808664263,0.10210903808664262,5736.37548828125,5.604223251342773,358.5234680175781,5.901134906633504,25.0,0.02566704406738281,0.13478887939453127,1.5665920451283455,8.226860314607622
nh3,system_size,dftd3,32768,1,32768,0.041272370910644535,1.2595328036695719,793945.1811707969,0.7939451811707968,2478.75048828125,2.4235591888427734,77.46095275878906,2.55195931463754,15.0,0.009952528381347655,0.03131984252929688,0.30372706241905684,0.9558057412505151
nh3,system_size,dftd3,32768,1,32768,0.1814606903076172,5.537740793079138,180579.05513558214,0.18057905513558214,11466.75048828125,11.200902938842773,358.33595275878906,11.794326591536443,25.0,0.04235021667480469,0.1391104736328125,1.2924260459840298,4.245314747095108
nh3,system_size,dftd3,65536,1,65536,0.050404705810546874,0.7691147737205029,1300196.061977352,1.300196061977352,4957.50048828125,4.845434188842773,77.46094512939453,5.102145212135234,15.0,0.013063360595703125,0.03734134521484375,0.19933106377720833,0.5697837099432945
nh3,system_size,dftd3,65536,1,65536,0.2187638885498047,3.3380720298737288,299574.1227422907,0.2995741227422907,22933.50048828125,22.400121688842773,358.33594512939453,23.586879765933038,25.0,0.04880993347167969,0.169953955078125,0.7447804789990187,2.59329155087471
nh3,system_size,dftd3,131072,1,131072,0.09158070678710939,0.6987053435295821,1431218.4803802941,1.431218480380294,9915.00048828125,9.689184188842773,77.46094131469727,10.202517007130623,15.0,0.023224468994140626,0.06835623779296876,0.17718863673508167,0.5215167067945005
nh3,system_size,dftd3,131072,1,131072,0.41143374633789065,3.1389903742820024,318573.77078728226,0.3185737707872823,45867.00048828125,44.79855918884277,358.33594131469727,47.17198611472623,25.0,0.09963826293945313,0.3117954833984375,0.7601796183735132,2.3788107559084892
